﻿<?xml version="1.0" encoding="utf-8" ?>
  <tile>
  <visual>

    <binding template="TileMedium">
      <text hint-style="subtitle"></text>
      <text hint-style="captionSubtle"></text>
      <image src ="Assets/Square310x310Logo.scale-100.png" placement ="background"/>
    </binding>

    <binding template="TileWide">
      <text hint-style="subtitle"></text>
      <text hint-style="captionSubtle"></text>
      <image src ="Assets/Square310x310Logo.scale-100.png" placement ="background"/>
    </binding>

    <binding template="TileSmall">
      <text hint-style="subtitle"></text>
      <text hint-style="captionSubtle"></text>
      <image src ="Assets/Square310x310Logo.scale-100.png" placement ="background"/>
    </binding>

    <binding template="TileLarge">
      <text hint-style="subtitle"></text>
      <text hint-style="captionSubtle"></text>
      <image src ="Assets/Square310x310Logo.scale-100.png" placement ="background"/>
    </binding>
  </visual>
</tile>